"Move In","In Time","Move Out","Out Time"
"1","2024-04-06 16:30","1","2024-04-06 16:30"
"2","2024-04-06 16:30","2","2024-04-06 16:31"
"3","2024-04-06 16:30","3","2024-04-06 16:31"
"4","2024-04-06 16:30","4","2024-04-06 16:31"
"5","2024-04-06 16:31","5","2024-04-06 16:31"
"6","2024-04-06 16:31","6","2024-04-06 16:32"
"7","2024-04-06 16:31","7","2024-04-06 16:32"
"8","2024-04-06 16:31","8","2024-04-06 16:32"
"9","2024-04-06 16:31","9","2024-04-06 16:33"
"10","2024-04-06 16:31","10","2024-04-06 16:33"
"11","2024-04-06 16:31","11","2024-04-06 16:33"
"12","2024-04-06 16:31","12","2024-04-06 16:33"
"13","2024-04-06 16:31","13","2024-04-06 16:34"
"14","2024-04-06 16:31","14","2024-04-06 16:34"
"15","2024-04-06 16:31","15","2024-04-06 16:34"
"16","2024-04-06 16:31","16","2024-04-06 16:35"
"17","2024-04-06 16:32","17","2024-04-06 16:36"
"18","2024-04-06 16:32","",""
"19","2024-04-06 16:32","",""
"20","2024-04-06 16:32","",""
"21","2024-04-06 16:32","",""
"22","2024-04-06 16:32","",""
"23","2024-04-06 16:32","",""
"24","2024-04-06 16:32","",""
"25","2024-04-06 16:32","",""
"26","2024-04-06 16:32","",""
"27","2024-04-06 16:32","",""
"28","2024-04-06 16:32","",""
"29","2024-04-06 16:32","",""
"30","2024-04-06 16:32","",""
"31","2024-04-06 16:32","",""
"32","2024-04-06 16:32","",""
"33","2024-04-06 16:33","",""
"34","2024-04-06 16:33","",""
"35","2024-04-06 16:33","",""
"36","2024-04-06 16:33","",""
"37","2024-04-06 16:33","",""
"38","2024-04-06 16:33","",""
"39","2024-04-06 16:33","",""
"40","2024-04-06 16:33","",""
"41","2024-04-06 16:33","",""
"42","2024-04-06 16:34","",""
"43","2024-04-06 16:34","",""
"44","2024-04-06 16:34","",""
"45","2024-04-06 16:34","",""
"46","2024-04-06 16:34","",""
"47","2024-04-06 16:34","",""
"48","2024-04-06 16:34","",""
"49","2024-04-06 16:34","",""
"50","2024-04-06 16:34","",""
"51","2024-04-06 16:34","",""
"52","2024-04-06 16:34","",""
"53","2024-04-06 16:34","",""
"54","2024-04-06 16:34","",""
"55","2024-04-06 16:34","",""
"56","2024-04-06 16:34","",""
"57","2024-04-06 16:34","",""
"58","2024-04-06 16:34","",""
"59","2024-04-06 16:35","",""
"60","2024-04-06 16:35","",""
"61","2024-04-06 16:35","",""
"62","2024-04-06 16:35","",""
"63","2024-04-06 16:35","",""
"64","2024-04-06 16:35","",""
"65","2024-04-06 16:35","",""
"66","2024-04-06 16:35","",""
"67","2024-04-06 16:35","",""
"68","2024-04-06 16:35","",""
"69","2024-04-06 16:35","",""
"70","2024-04-06 16:35","",""
"71","2024-04-06 16:35","",""
"72","2024-04-06 16:35","",""
"73","2024-04-06 16:35","",""
"74","2024-04-06 16:35","",""
"75","2024-04-06 16:35","",""
"76","2024-04-06 16:36","",""
"77","2024-04-06 16:36","",""
"78","2024-04-06 16:36","",""
"79","2024-04-06 16:36","",""
"80","2024-04-06 16:36","",""
"81","2024-04-06 16:36","",""
"82","2024-04-06 16:36","",""
"83","2024-04-06 16:36","",""
"84","2024-04-06 16:36","",""
"85","2024-04-06 16:36","",""
"86","2024-04-06 16:36","",""
"87","2024-04-06 16:36","",""
"88","2024-04-06 16:36","",""
"89","2024-04-06 16:36","",""
"90","2024-04-06 16:36","",""
"91","2024-04-06 16:36","",""
"92","2024-04-06 16:36","",""
"93","2024-04-06 16:36","",""
"94","2024-04-06 16:36","",""
"95","2024-04-06 16:36","",""
"96","2024-04-06 16:36","",""
"97","2024-04-06 16:36","",""
"98","2024-04-06 16:36","",""
"99","2024-04-06 16:36","",""
"100","2024-04-06 16:37","",""
"101","2024-04-06 16:37","",""
"102","2024-04-06 16:37","",""
"103","2024-04-06 16:37","",""
"104","2024-04-06 16:37","",""
"105","2024-04-06 16:37","",""
"106","2024-04-06 16:37","",""
"107","2024-04-06 16:37","",""
"108","2024-04-06 16:37","",""
"109","2024-04-06 16:37","",""
"110","2024-04-06 16:37","",""
"111","2024-04-06 16:37","",""
"112","2024-04-06 16:37","",""
"113","2024-04-06 16:37","",""
"114","2024-04-06 16:37","",""
"115","2024-04-06 16:37","",""
"116","2024-04-06 16:37","",""
"117","2024-04-06 16:37","",""
"118","2024-04-06 16:37","",""
"119","2024-04-06 16:37","",""
"120","2024-04-06 16:38","",""
"121","2024-04-06 16:38","",""
"122","2024-04-06 16:38","",""
"123","2024-04-06 16:38","",""
"124","2024-04-06 16:38","",""
"125","2024-04-06 16:38","",""
"126","2024-04-06 16:38","",""
"127","2024-04-06 16:38","",""
"128","2024-04-06 16:38","",""
"129","2024-04-06 16:38","",""
"130","2024-04-06 16:38","",""
"131","2024-04-06 16:38","",""
"132","2024-04-06 16:38","",""
"133","2024-04-06 16:39","",""
"134","2024-04-06 16:39","",""
"135","2024-04-06 16:39","",""
"136","2024-04-06 16:39","",""
"137","2024-04-06 16:39","",""
"138","2024-04-06 16:39","",""
"139","2024-04-06 16:39","",""
"140","2024-04-06 16:39","",""
"141","2024-04-06 16:39","",""
"142","2024-04-06 16:40","",""
"143","2024-04-06 16:40","",""
"144","2024-04-06 16:40","",""
"145","2024-04-06 16:40","",""
"146","2024-04-06 16:40","",""
"147","2024-04-06 16:40","",""
"148","2024-04-06 16:40","",""
"149","2024-04-06 16:40","",""
"150","2024-04-06 16:40","",""
"151","2024-04-06 16:40","",""
"152","2024-04-06 16:41","",""
"153","2024-04-06 16:41","",""
